id,cap-diameter,cap-shape,gill-attachment,gill-color,stem-height,stem-width,stem-color,season,class
1,1372,2,2,10,3.807466754,1545,11,1.804272709,1
2,1461,2,2,10,3.807466754,1557,11,1.804272709,1
3,1371,2,2,10,3.612496295,1566,11,1.804272709,1
4,1261,6,2,10,3.78757181,1566,11,1.804272709,1
5,1305,6,2,10,3.711971019,1464,11,0.943194554,1
6,1337,6,2,10,3.775634843,1520,11,0.943194554,1
7,1300,2,2,10,3.835319677,1563,11,1.804272709,1
8,1354,6,2,10,3.676160118,1532,11,0.888450288,1
9,1222,6,2,10,3.771655854,1476,11,0.943194554,1
10,1085,6,2,10,3.775634843,1581,11,0.888450288,1
11,1214,6,2,10,3.696055063,1524,11,1.804272709,1
12,642,6,2,10,0.286061509,1311,11,0.943194554,1
13,814,4,2,10,1.189292007,1681,11,0.943194554,1
14,550,4,2,10,0.548674782,1220,11,0.888450288,1
15,606,6,2,10,0.254229598,1239,11,0.943194554,1
16,721,6,2,10,0.950552669,1445,11,0.943194554,1
17,595,6,2,10,0.604380628,1415,11,0.888450288,1
18,661,4,2,10,0.437263091,1150,11,0.888450288,1
19,587,6,2,10,0.59642265,1531,11,0.943194554,1
20,835,6,2,10,0.90678379,1603,11,0.888450288,1
21,705,4,2,10,0.083133072,1122,11,0.888450288,1
22,599,4,2,10,0.576527705,1306,11,0.888450288,1
23,619,4,2,10,0.389515223,1195,11,0.943194554,1
24,648,6,2,10,0.727729286,1370,11,0.888450288,1
25,778,6,2,10,0.811288054,1514,11,0.943194554,1
26,692,6,2,10,0.652128495,1307,11,0.943194554,1
27,804,4,2,10,0.870972889,1517,11,0.888450288,1
28,660,6,2,10,0.98238458,1626,11,0.943194554,1
29,547,6,2,10,0.520821859,1191,11,0.888450288,1
30,846,6,2,10,1.173376051,1613,11,0.888450288,1
31,826,6,2,10,1.050027393,1593,11,0.888450288,1
32,834,6,2,10,1.014216492,1591,11,0.888450288,1
33,664,4,2,10,0.719771308,1140,11,0.943194554,1
34,763,6,2,10,0.819246032,1614,11,0.888450288,1
35,718,6,2,10,0.719771308,1291,11,0.888450288,1
36,594,6,2,10,0.743645242,1333,11,0.888450288,1
37,641,6,2,10,0.747624231,1577,11,0.888450288,1
38,840,4,2,10,0.962489636,1465,11,0.943194554,1
39,728,4,2,10,1.165418073,1577,11,0.943194554,1
40,539,6,2,10,0.787414121,1394,11,0.888450288,1
41,605,4,2,10,0.914741768,1561,11,0.943194554,1
42,613,6,2,10,0.660086473,1352,11,0.888450288,1
43,675,6,2,10,0.608359617,1499,11,0.943194554,1
44,510,6,2,10,0.409410168,1172,11,0.943194554,1
45,618,6,2,10,0.71181333,1510,11,0.943194554,1
46,638,6,2,10,0.652128495,1635,11,0.888450288,1
47,585,4,2,10,0.676002429,1332,11,0.943194554,1
48,837,6,2,10,0.668044451,1323,11,0.888450288,1
49,688,6,2,10,0.847098955,1421,11,0.888450288,1
50,805,6,2,10,0.210460719,1330,11,0.943194554,1
51,762,6,2,10,0.723750297,1484,11,0.888450288,1
52,640,6,2,10,0.664065462,1250,11,0.888450288,1
53,699,4,2,10,0.962489636,1506,11,0.943194554,1
54,674,6,2,10,0.429305113,1667,11,0.943194554,1
55,662,6,2,10,1.057985371,1755,11,0.943194554,1
56,736,6,2,10,0.779456143,1404,11,0.943194554,1
57,563,6,2,10,0.616317595,1419,11,0.943194554,1
58,756,6,2,10,1.054006382,1392,11,0.943194554,1
59,705,4,2,10,1.081859305,1534,11,0.888450288,1
60,802,6,2,10,1.248976842,1578,11,0.888450288,1
61,591,6,2,10,0.060110532,1166,11,0.943194554,1
62,708,4,2,10,0.851077944,1533,11,0.888450288,1
63,717,4,2,10,0.807309065,1499,11,0.888450288,1
64,573,4,2,10,0.723750297,1375,11,0.888450288,1
65,622,4,2,10,1.169397062,1482,11,0.943194554,1
66,516,6,2,10,0.425326124,995,11,0.943194554,1
67,763,6,2,10,0.679981418,1396,11,0.943194554,1
68,592,4,2,10,0.990342558,1615,11,0.888450288,1
69,580,4,2,10,0.329830388,1368,11,0.888450288,1
70,635,6,2,10,0.429305113,1241,11,0.943194554,1
71,626,6,2,10,0.369620278,1443,11,0.943194554,1
72,793,6,2,10,0.795372099,1485,11,0.943194554,1
73,607,6,2,10,0.449200057,1190,11,0.888450288,1
74,528,4,2,10,0.266166565,1355,11,0.943194554,1
75,758,6,2,10,0.660086473,1336,11,0.888450288,1
76,780,6,2,10,0.353704322,1405,11,0.943194554,1
77,855,4,2,10,1.046048404,1575,11,0.888450288,1
78,752,4,2,10,0.731708275,1273,11,0.888450288,1
79,700,6,2,10,0.954531658,1414,11,0.888450288,1
80,582,4,2,10,0.803330076,1288,11,0.943194554,1
81,693,4,2,10,0.863014911,1245,11,0.943194554,1
82,657,4,2,10,0.63223355,1477,11,0.943194554,1
83,645,4,2,10,0.51684287,1301,11,0.888450288,1
84,677,4,2,10,0.735687264,1477,11,0.943194554,1
85,722,6,2,10,0.67202344,1331,11,0.943194554,1
86,738,6,2,10,0.699876363,1549,11,0.888450288,1
87,566,6,2,10,0.544695793,1353,11,0.943194554,1
88,736,4,2,10,0.652128495,1417,11,0.888450288,1
89,614,6,2,10,0.843119966,1468,11,0.888450288,1
90,614,6,2,10,0.962489636,1156,11,0.888450288,1
91,821,4,2,10,1.077880316,1632,11,0.888450288,1
92,745,6,2,10,0.958510647,1749,11,0.888450288,1
93,624,6,2,10,0.492968936,1372,11,0.888450288,1
94,713,6,2,10,1.085838294,1523,11,0.943194554,1
95,677,4,2,10,0.894846823,1534,11,0.888450288,1
96,692,6,2,10,0.421347135,1413,11,0.888450288,1
97,731,6,2,10,0.481031969,1319,11,0.943194554,1
98,639,4,2,10,0.616317595,1509,11,0.943194554,1
99,725,4,2,10,1.368346511,1747,11,0.943194554,1
100,869,4,2,10,1.181334029,1828,11,0.888450288,1
101,749,4,2,10,1.225102908,1537,11,0.943194554,1
102,592,6,2,10,0.485010958,1273,11,0.888450288,1
103,680,6,2,10,0.94657368,1489,11,0.943194554,1
104,783,4,2,10,0.743645242,1336,11,0.943194554,1
105,673,6,2,10,0.548674782,1544,11,0.888450288,1
106,505,4,2,10,0.047322171,1046,11,0.943194554,1
107,655,4,2,10,0.421347135,1156,11,0.888450288,1
108,595,6,2,10,0.44124208,1413,11,0.943194554,1
109,809,4,2,10,0.469095002,1220,11,0.888450288,1
110,773,4,2,10,0.807309065,1373,11,0.888450288,1
111,796,4,2,10,0.870972889,1531,11,0.888450288,1
112,698,6,2,10,0.831182999,1436,11,0.943194554,1
113,714,4,2,10,0.676002429,1211,11,0.943194554,1
114,707,4,2,10,0.98238458,1768,11,0.943194554,1
115,765,4,2,10,0.759561198,1314,11,0.888450288,1
116,642,6,2,10,0.457158035,1364,11,0.943194554,1
117,646,6,2,10,0.795372099,1557,11,0.888450288,1
118,755,6,2,10,0.564590738,1534,11,0.943194554,1
119,803,4,2,10,1.030132448,1582,11,0.888450288,1
120,702,4,2,10,1.169397062,1501,11,0.943194554,1
121,727,4,2,10,1.121649195,1659,11,0.888450288,1
122,584,4,2,10,0.55663276,1316,11,0.888450288,1
123,679,6,2,10,0.954531658,1430,11,0.888450288,1
124,775,4,2,10,0.930657724,1578,11,0.943194554,1
125,814,4,2,10,0.544695793,1552,11,0.943194554,1
126,698,4,2,10,0.874951878,1570,11,0.888450288,1
127,741,6,2,10,0.492968936,1287,11,0.888450288,1
128,944,6,2,10,1.563316971,1965,11,0.888450288,1
129,816,4,2,10,0.910762779,1519,11,0.888450288,1
130,672,6,2,10,0.492968936,1470,11,0.888450288,1
131,663,6,2,10,0.668044451,1404,11,0.888450288,1
132,612,6,2,10,0.668044451,1322,11,0.943194554,1
133,725,6,2,10,0.592443661,1437,11,0.888450288,1
134,676,6,2,10,0.779456143,1358,11,0.943194554,1
135,738,4,2,10,1.065943349,1535,11,0.888450288,1
136,708,6,2,10,0.648149506,1560,11,0.943194554,1
137,748,4,2,10,0.644170517,1390,11,0.888450288,1
138,748,6,2,10,0.564590738,1408,11,0.943194554,1
139,825,6,2,10,0.978405591,1630,11,0.888450288,1
140,664,4,2,10,0.616317595,1238,11,0.888450288,1
141,790,6,2,10,1.046048404,1795,11,0.888450288,1
142,570,6,2,10,0.512863881,1309,11,0.943194554,1
143,561,4,2,10,0.329830388,1137,11,0.943194554,1
144,724,4,2,10,0.990342558,1502,11,0.888450288,1
145,647,6,2,10,1.201228974,1758,11,0.943194554,1
146,722,6,2,10,0.453179046,1379,11,0.943194554,1
147,634,4,2,10,0.520821859,1312,11,0.888450288,1
148,638,6,2,10,1.077880316,1569,11,0.888450288,1
149,593,6,2,10,0.902804801,1415,11,0.943194554,1
150,648,6,2,10,0.385536234,1306,11,0.943194554,1
151,726,6,2,10,0.520821859,1269,11,0.888450288,1
152,798,6,2,10,0.974426603,1687,11,0.943194554,1
153,680,4,2,10,1.026153459,1603,11,0.888450288,1
154,725,6,2,10,0.819246032,1576,11,0.888450288,1
155,738,4,2,10,0.644170517,1269,11,0.943194554,1
156,730,4,2,10,1.050027393,1618,11,0.943194554,1
157,849,4,2,10,1.428031346,1951,11,0.943194554,1
158,589,6,2,10,0.63223355,1529,11,0.943194554,1
159,540,6,2,10,0.317893421,1109,11,0.888450288,1
160,709,6,2,10,0.481031969,1400,11,0.888450288,1
161,651,6,2,10,0.922699746,1770,11,0.943194554,1
162,755,6,2,10,0.767519176,1473,11,0.888450288,1
163,831,4,2,10,0.707834341,1687,11,0.888450288,1
164,697,6,2,10,0.8669939,1547,11,0.943194554,1
165,626,4,2,10,0.500926914,1349,11,0.888450288,1
166,668,4,2,10,0.40145219,1259,11,0.943194554,1
167,788,4,2,10,0.568569727,1553,11,0.943194554,1
168,679,6,2,10,0.994321547,1503,11,0.888450288,1
169,825,6,2,10,0.998300536,1649,11,0.943194554,1
170,721,6,2,10,0.874951878,1570,11,0.943194554,1
171,769,4,2,10,0.51684287,1429,11,0.943194554,1
172,697,4,2,10,0.660086473,1578,11,0.888450288,1
173,756,6,2,10,0.763540187,1531,11,0.888450288,1
174,726,4,2,10,0.409410168,1103,11,0.943194554,1
175,749,4,2,10,0.807309065,1608,11,0.888450288,1
176,808,6,2,10,0.994321547,1527,11,0.888450288,1
177,737,6,2,10,0.719771308,1377,11,0.943194554,1
178,673,4,2,10,0.51684287,1524,11,0.888450288,1
179,646,6,2,10,0.779456143,1410,11,0.888450288,1
180,724,4,2,10,1.233060886,1755,11,0.943194554,1
181,694,6,2,10,0.59642265,1328,11,0.943194554,1
182,760,4,2,10,0.994321547,1559,11,0.888450288,1
183,581,6,2,10,0.584485683,1231,11,0.888450288,1
184,672,4,2,10,0.707834341,1421,11,0.943194554,1
185,707,4,2,10,0.755582209,1395,11,0.943194554,1
186,711,4,2,10,0.636212539,1561,11,0.888450288,1
187,798,4,2,10,0.795372099,1694,11,0.943194554,1
188,598,6,2,10,0.270145554,1250,11,0.888450288,1
189,752,4,2,10,0.473073991,1290,11,0.943194554,1
190,809,4,2,10,1.324577633,1669,11,0.888450288,1
191,560,6,2,10,0.457158035,1443,11,0.943194554,1
192,839,4,2,10,0.779456143,1612,11,0.888450288,1
193,584,4,2,10,0.083133072,1298,11,0.943194554,1
194,870,4,2,10,0.795372099,1418,11,0.888450288,1
195,614,6,2,10,0.365641289,1489,11,0.888450288,1
196,693,4,2,10,1.02217447,1743,11,0.943194554,1
197,716,6,2,10,0.707834341,1458,11,0.943194554,1
198,861,6,2,10,0.775477154,1655,11,0.888450288,1
199,686,6,2,10,0.234334653,1241,11,0.943194554,1
200,774,4,2,10,0.500926914,1312,11,0.888450288,1
201,741,6,2,10,0.859035922,1591,11,0.943194554,1
202,758,6,2,10,1.042069415,1624,11,0.943194554,1
203,793,6,2,10,1.181334029,1661,11,0.888450288,1
204,599,4,2,10,0.779456143,1489,11,0.888450288,1
205,688,4,2,10,0.377578256,1138,11,0.888450288,1
206,752,4,2,10,0.819246032,1442,11,0.943194554,1
207,668,6,2,10,1.10175425,1843,11,0.888450288,1
208,657,6,2,10,0.214439708,1078,11,0.888450288,1
209,815,6,2,10,0.488989947,1432,11,0.888450288,1
210,777,6,2,10,0.874951878,1447,11,0.888450288,1
211,604,6,2,10,0.381557245,1219,11,0.888450288,1
212,643,4,2,10,0.540716804,1317,11,0.888450288,1
213,732,4,2,10,1.157460095,1496,11,0.943194554,1
214,725,4,2,10,0.425326124,1399,11,0.943194554,1
215,569,4,2,10,0.305956454,1461,11,0.943194554,1
216,781,4,2,10,0.540716804,1376,11,0.888450288,1
217,843,6,2,10,0.990342558,1546,11,0.888450288,1
218,632,6,2,10,0.90678379,1271,11,0.888450288,1
219,741,6,2,10,0.580506694,1392,11,0.943194554,1
220,676,6,2,10,0.254229598,1472,11,0.888450288,1
221,747,4,2,10,0.488989947,1446,11,0.943194554,1
222,759,6,2,10,0.998300536,1473,11,0.888450288,1
223,733,4,2,10,0.656107484,1442,11,0.943194554,1
224,766,6,2,10,0.381557245,1387,11,0.888450288,1
225,839,4,2,10,1.006258514,1685,11,0.888450288,1
226,679,4,2,10,0.863014911,1524,11,0.888450288,1
227,816,4,2,10,0.910762779,1508,11,0.888450288,1
228,724,6,2,10,0.759561198,1634,11,0.888450288,1
229,769,4,2,10,0.998300536,1455,11,0.888450288,1
230,561,6,2,10,0.739666253,1564,11,0.943194554,1
231,523,6,2,10,0.278103531,1477,11,0.943194554,1
232,775,4,2,10,0.803330076,1491,11,0.943194554,1
233,817,6,2,10,0.902804801,1646,11,0.943194554,1
234,618,6,2,10,0.755582209,1352,11,0.943194554,1
235,727,4,2,10,0.894846823,1616,11,0.943194554,1
236,579,6,2,10,0.703855352,1319,11,0.943194554,1
237,734,6,2,10,0.297998476,1397,11,0.943194554,1
238,776,4,2,10,1.129607173,1711,11,0.943194554,1
239,663,4,2,10,0.640191528,1452,11,0.943194554,1
240,799,4,2,10,1.344472577,1767,11,0.943194554,1
241,684,6,2,10,0.44124208,1382,11,0.888450288,1
242,865,4,2,10,0.974426603,1826,11,0.888450288,1
243,709,4,2,10,0.715792319,1298,11,0.943194554,1
244,783,6,2,10,0.699876363,1508,11,0.888450288,1
245,692,6,2,10,0.763540187,1490,11,0.943194554,1
246,778,6,2,10,0.385536234,1167,11,0.943194554,1
247,800,6,2,10,0.668044451,1392,11,0.943194554,1
248,786,4,2,10,0.51684287,1261,11,0.943194554,1
249,658,4,2,10,0.218418697,1014,11,0.888450288,1
250,804,6,2,10,0.994321547,1588,11,0.943194554,1
251,619,6,2,10,0.381557245,1363,11,0.943194554,1
252,842,4,2,10,1.244997853,1657,11,0.943194554,1
253,613,4,2,10,0.417368146,1294,11,0.888450288,1
254,635,6,2,10,0.520821859,1377,11,0.888450288,1
255,714,4,2,10,0.640191528,1318,11,0.943194554,1
256,697,4,2,10,0.496947925,1351,11,0.943194554,1
257,818,6,2,10,0.683960407,1543,11,0.943194554,1
258,760,6,2,10,1.026153459,1548,11,0.943194554,1
259,686,4,2,10,0.437263091,1344,11,0.888450288,1
260,885,4,2,10,1.129607173,1580,11,0.943194554,1
261,774,6,2,10,1.042069415,1552,11,0.943194554,1
262,729,6,2,10,0.71181333,1599,11,0.888450288,1
263,710,6,2,10,0.564590738,1396,11,0.943194554,1
264,782,6,2,10,0.990342558,1574,11,0.943194554,1
265,536,4,2,10,0.409410168,1315,11,0.943194554,1
266,658,4,2,10,0.71181333,1201,11,0.888450288,1
267,643,6,2,10,0.536737815,1330,11,0.888450288,1
268,674,6,2,10,0.763540187,1233,11,0.943194554,1
269,756,4,2,10,0.453179046,1311,11,0.943194554,1
270,720,4,2,10,0.98238458,1678,11,0.888450288,1
271,583,6,2,10,0.620296584,1130,11,0.943194554,1
272,697,4,2,10,0.687939396,1341,11,0.943194554,1
273,599,4,2,10,0.51684287,939,11,0.943194554,1
274,791,4,2,10,0.592443661,1469,11,0.888450288,1
275,708,6,2,10,0.727729286,1546,11,0.888450288,1
276,719,6,2,10,0.855056933,1294,11,0.943194554,1
277,691,4,2,10,0.843119966,1582,11,0.888450288,1
278,587,4,2,10,0.214439708,1022,11,0.888450288,1
279,732,4,2,10,1.077880316,1745,11,0.943194554,1
280,473,6,2,10,0.473073991,1138,11,0.943194554,1
281,654,6,2,10,0.679981418,1417,11,0.943194554,1
282,730,6,2,10,0.469095002,1292,11,0.888450288,1
283,720,6,2,10,0.656107484,1343,11,0.943194554,1
284,642,4,2,10,0.811288054,1447,11,0.943194554,1
285,799,4,2,10,1.161439084,1566,11,0.943194554,1
286,736,6,2,10,0.644170517,1204,11,0.888450288,1
287,723,6,2,10,0.958510647,1426,11,0.888450288,1
288,812,6,2,10,0.584485683,1554,11,0.943194554,1
289,680,4,2,10,0.775477154,1441,11,0.888450288,1
290,789,4,2,10,1.057985371,1579,11,0.943194554,1
291,661,6,2,10,0.783435132,1361,11,0.888450288,1
292,549,6,2,10,0.707834341,1484,11,0.943194554,1
293,844,6,2,10,0.990342558,1428,11,0.943194554,1
294,717,6,2,10,0.238313642,1043,11,0.943194554,1
295,763,4,2,10,0.930657724,1450,11,0.943194554,1
296,760,4,2,10,1.02217447,1548,11,0.943194554,1
297,598,4,2,10,0.664065462,1569,11,0.888450288,1
298,654,6,2,10,0.138838917,1307,11,0.888450288,1
299,621,4,2,10,0.488989947,1492,11,0.888450288,1
300,692,4,2,10,0.512863881,1364,11,0.888450288,1
301,601,4,2,10,0.628254561,1417,11,0.888450288,1
302,623,6,2,10,0.397473201,1434,11,0.943194554,1
303,570,4,2,10,0.397473201,1249,11,0.943194554,1
304,835,4,2,10,1.018195481,1758,11,0.888450288,1
305,735,4,2,10,1.097775261,1537,11,0.888450288,1
306,706,6,2,10,0.926678735,1658,11,0.888450288,1
307,595,4,2,10,0.878930867,1506,11,0.943194554,1
308,719,6,2,10,0.588464672,1417,11,0.943194554,1
309,624,6,2,10,0.811288054,1352,11,0.888450288,1
310,819,6,2,10,0.775477154,1528,11,0.888450288,1
311,629,4,2,10,0.707834341,1573,11,0.888450288,1
312,578,4,2,10,0.210460719,1275,11,0.943194554,1
313,593,6,2,10,0.687939396,1136,11,0.943194554,1
314,791,6,2,10,0.783435132,1353,11,0.943194554,1
315,754,4,2,10,0.958510647,1491,11,0.943194554,1
316,783,6,2,10,1.443947302,1826,11,0.888450288,1
317,753,6,2,10,0.71181333,1397,11,0.888450288,1
318,569,6,2,10,0.413389157,1298,11,0.943194554,1
319,657,6,2,10,0.839140977,1486,11,0.888450288,1
320,721,4,2,10,0.365641289,1387,11,0.943194554,1
321,646,6,2,10,0.393494212,1113,11,0.888450288,1
322,818,6,2,10,0.8669939,1559,11,0.943194554,1
323,751,6,2,10,0.986363569,1450,11,0.943194554,1
324,730,6,2,10,0.79139311,1573,11,0.888450288,1
325,869,6,2,10,1.300703699,1678,11,0.943194554,1
326,576,4,2,10,0.465116013,1427,11,0.888450288,1
327,740,4,2,10,1.006258514,1602,11,0.888450288,1
328,707,6,2,10,0.767519176,1546,11,0.943194554,1
329,784,4,2,10,0.874951878,1558,11,0.943194554,1
330,688,4,2,10,0.990342558,1496,11,0.943194554,1
331,698,4,2,10,0.488989947,1159,11,0.888450288,1
332,781,6,2,10,0.723750297,1329,11,0.888450288,1
333,801,6,2,10,0.787414121,1410,11,0.888450288,1
334,788,6,2,10,0.723750297,1342,11,0.943194554,1
335,662,4,2,10,0.397473201,1271,11,0.943194554,1
336,796,4,2,10,0.731708275,1527,11,0.888450288,1
337,615,4,2,10,0.811288054,1317,11,0.888450288,1
338,748,6,2,10,0.536737815,1474,11,0.888450288,1
339,740,4,2,10,0.333809377,1172,11,0.943194554,1
340,587,4,2,10,0.51684287,1263,11,0.943194554,1
341,706,6,2,10,0.747624231,1406,11,0.888450288,1
342,652,4,2,10,0.735687264,1541,11,0.888450288,1
343,665,4,2,10,0.63223355,1553,11,0.888450288,1
344,798,6,2,10,1.276829765,1825,11,0.888450288,1
345,570,6,2,10,0.560611749,1294,11,0.943194554,1
346,953,4,2,10,1.340493588,1755,11,0.943194554,1
347,703,4,2,10,1.006258514,1623,11,0.888450288,1
348,748,4,2,10,1.014216492,1561,11,0.943194554,1
349,515,6,2,10,0.341767355,1321,11,0.888450288,1
350,666,4,2,10,0.695897374,1193,11,0.888450288,1
351,821,4,2,10,0.628254561,1388,11,0.888450288,1
352,763,4,2,10,0.727729286,1353,11,0.888450288,1
353,731,4,2,10,0.783435132,1417,11,0.943194554,1
354,596,4,2,10,0.278103531,1125,11,0.888450288,1
355,801,6,2,10,1.069922338,1738,11,0.888450288,1
356,694,4,2,10,0.664065462,1675,11,0.888450288,1
357,702,4,2,10,0.55663276,1339,11,0.943194554,1
358,717,4,2,10,1.125628184,1746,11,0.888450288,1
359,878,6,2,10,0.930657724,1596,11,0.888450288,1
360,767,6,2,10,0.970447614,1661,11,0.943194554,1
361,745,4,2,10,0.532758826,1564,11,0.943194554,1
362,791,6,2,10,1.463842247,1878,11,0.888450288,1
363,619,4,2,10,0.461137024,1296,11,0.888450288,1
364,712,6,2,10,0.12690195,1063,11,0.888450288,1
365,1137,2,2,10,2.076606549,1574,11,0.943194554,1
366,1151,2,2,10,1.905510023,1363,11,0.943194554,1
367,1002,6,2,10,1.849804178,1497,11,0.943194554,1
368,1149,6,2,10,1.774203387,1209,11,0.888450288,1
369,1270,2,2,10,2.044774637,1572,11,0.943194554,1
370,1154,6,2,10,2.004984748,1374,11,0.943194554,1
371,1099,6,2,10,1.869699122,1368,11,0.888450288,1
372,1139,6,2,10,1.865720133,1400,11,0.888450288,1
373,1181,2,2,10,2.044774637,1613,11,0.943194554,1
374,1289,2,2,10,2.088543516,1633,11,0.888450288,1
375,1197,6,2,10,1.873678111,1409,11,0.943194554,1
376,1203,6,2,10,2.056711604,1467,11,0.888450288,1
377,1223,6,2,10,1.989068792,1589,11,0.888450288,1
378,1347,6,2,10,1.969173847,1636,11,0.943194554,1
379,1192,6,2,10,1.993047781,1634,11,0.888450288,1
380,1276,2,2,10,2.07262756,1735,11,0.888450288,1
381,1072,2,2,10,1.91744699,1380,11,0.888450288,1
382,1126,6,2,10,1.698602596,1070,11,0.888450288,1
383,1224,6,2,10,1.925404968,1479,11,0.943194554,1
384,1286,2,2,10,2.012942726,1403,11,0.888450288,1
385,1133,2,2,10,1.881636089,1549,11,0.943194554,1
386,1229,6,2,10,1.989068792,1474,11,0.943194554,1
387,1115,2,2,10,1.901531034,1197,11,0.888450288,1
388,1182,6,2,10,2.004984748,1300,11,0.888450288,1
389,1104,6,2,10,1.897552045,1334,11,0.943194554,1
390,1286,2,2,10,1.977131825,1422,11,0.943194554,1
391,1187,6,2,10,1.909489012,1345,11,0.888450288,1
392,1078,6,2,10,1.686665629,1318,11,0.943194554,1
393,1257,2,2,10,1.973152836,1302,11,0.888450288,1
394,1188,6,2,10,2.040795648,1605,11,0.888450288,1
395,1276,6,2,10,1.909489012,1583,11,0.943194554,1
396,1203,2,2,10,1.941320924,1650,11,0.943194554,1
397,1217,6,2,10,1.937341935,1363,11,0.943194554,1
398,1214,2,2,10,2.048753626,1620,11,0.888450288,1
399,1187,2,2,10,1.965194858,1451,11,0.943194554,1
400,1234,2,2,10,1.710539563,1397,11,0.888450288,1
401,1310,2,2,10,1.845825189,1509,11,0.888450288,1
402,1205,6,2,10,1.949278902,1156,11,0.888450288,1
403,1171,2,2,10,1.937341935,1448,11,0.943194554,1
404,1312,2,2,10,2.088543516,1523,11,0.888450288,1
405,1198,6,2,10,1.977131825,1506,11,0.943194554,1
406,1199,2,2,10,1.865720133,1378,11,0.943194554,1
407,1094,6,2,10,2.048753626,1257,11,0.943194554,1
408,1345,2,2,10,2.096501494,1782,11,0.943194554,1
409,1230,6,2,10,1.658812707,1038,11,0.888450288,1
410,1260,6,2,10,1.873678111,1455,11,0.888450288,1
411,1168,6,2,10,1.798077321,1387,11,0.888450288,1
412,1064,2,2,10,1.634938773,1158,11,0.888450288,1
413,1157,6,2,10,2.001005759,1267,11,0.943194554,1
414,1031,6,2,10,1.937341935,1228,11,0.943194554,1
415,1169,6,2,10,1.953257891,1312,11,0.888450288,1
416,1211,6,2,10,1.817972266,1445,11,0.888450288,1
417,1178,2,2,10,2.03681666,1220,11,0.888450288,1
418,1187,2,2,10,1.790119343,1204,11,0.943194554,1
419,1227,2,2,10,2.148228351,1701,11,0.888450288,1
420,1116,2,2,10,1.901531034,1408,11,0.888450288,1
421,1268,6,2,10,1.881636089,1590,11,0.943194554,1
422,1251,2,2,10,1.889594067,1483,11,0.943194554,1
423,1148,2,2,10,1.869699122,1555,11,0.888450288,1
424,1096,2,2,10,1.869699122,1281,11,0.943194554,1
425,1061,6,2,10,1.583211916,1425,11,0.943194554,1
426,1043,6,2,10,1.837867211,1181,11,0.943194554,1
427,1074,6,2,10,1.60708585,1136,11,0.943194554,1
428,1193,2,2,10,1.897552045,1441,11,0.943194554,1
429,1183,6,2,10,1.937341935,1672,11,0.943194554,1
430,1251,6,2,10,2.108438461,1682,11,0.943194554,1
431,1277,6,2,10,2.136291384,1547,11,0.888450288,1
432,1301,2,2,10,1.889594067,1654,11,0.943194554,1
433,1272,2,2,10,1.937341935,1505,11,0.943194554,1
434,1196,2,2,10,2.028858682,1604,11,0.943194554,1
435,1165,6,2,10,1.72247653,1431,11,0.888450288,1
436,985,2,2,10,1.833888222,1336,11,0.943194554,1
437,1172,2,2,10,1.989068792,1491,11,0.943194554,1
438,1227,2,2,10,1.873678111,1575,11,0.888450288,1
439,1306,6,2,10,2.040795648,1514,11,0.943194554,1
440,1084,6,2,10,1.806035299,1313,11,0.888450288,1
441,1195,2,2,10,1.981110814,1499,11,0.943194554,1
442,1410,6,2,10,2.052732615,1581,11,0.888450288,1
443,1196,6,2,10,1.925404968,1204,11,0.943194554,1
444,1177,6,2,10,1.845825189,1435,11,0.943194554,1
445,1269,6,2,10,1.766245409,1359,11,0.943194554,1
446,1180,6,2,10,1.8418462,1453,11,0.943194554,1
447,1209,6,2,10,2.001005759,1331,11,0.943194554,1
448,1185,2,2,10,1.969173847,1370,11,0.943194554,1
449,1142,6,2,10,2.052732615,1587,11,0.888450288,1
450,1316,6,2,10,1.91744699,1682,11,0.943194554,1
451,1069,6,2,10,1.742371475,1075,11,0.943194554,1
452,1178,2,2,10,2.164144307,1449,11,0.943194554,1
453,1279,2,2,10,2.012942726,1573,11,0.888450288,1
454,1281,2,2,10,1.99702677,1704,11,0.943194554,1
455,1146,2,2,10,1.881636089,1462,11,0.888450288,1
456,1320,6,2,10,2.076606549,1586,11,0.888450288,1
457,1180,2,2,10,1.782161365,1303,11,0.888450288,1
458,1197,6,2,10,1.790119343,1215,11,0.888450288,1
459,1161,6,2,10,1.893573056,1333,11,0.888450288,1
460,1216,6,2,10,1.925404968,1395,11,0.888450288,1
461,1225,6,2,10,2.028858682,1365,11,0.888450288,1
462,1305,2,2,10,1.837867211,1397,11,0.943194554,1
463,1135,6,2,10,1.861741144,1225,11,0.943194554,1
464,1223,2,2,10,1.734413497,1246,11,0.888450288,1
465,1357,2,2,10,2.004984748,1787,11,0.943194554,1
466,1090,6,2,10,1.758287431,1237,11,0.888450288,1
467,1163,2,2,10,1.977131825,1554,11,0.888450288,1
468,1316,6,2,10,2.068648571,1502,11,0.943194554,1
469,1141,6,2,10,2.001005759,1583,11,0.888450288,1
470,1193,2,2,10,1.774203387,1341,11,0.943194554,1
471,1260,2,2,10,1.99702677,1537,11,0.888450288,1
472,1162,2,2,10,1.897552045,1624,11,0.943194554,1
473,1363,6,2,10,2.11241745,1718,11,0.888450288,1
474,1204,6,2,10,2.008963737,1649,11,0.943194554,1
475,1294,2,2,10,1.945299913,1295,11,0.888450288,1
476,1190,2,2,10,1.770224398,1313,11,0.888450288,1
477,1199,2,2,10,2.080585538,1489,11,0.888450288,1
478,1250,2,2,10,2.243724086,1679,11,0.943194554,1
479,1145,6,2,10,1.937341935,1598,11,0.943194554,1
480,1325,2,2,10,2.004984748,1625,11,0.888450288,1
481,1347,6,2,10,2.124354417,1881,11,0.943194554,1
482,1290,6,2,10,1.945299913,1520,11,0.943194554,1
483,1067,2,2,10,2.016921715,1592,11,0.888450288,1
484,1272,6,2,10,2.012942726,1541,11,0.943194554,1
485,1076,2,2,10,1.893573056,1288,11,0.888450288,1
486,1333,6,2,10,2.004984748,1644,11,0.888450288,1
487,1150,6,2,10,1.718497541,1169,11,0.943194554,1
488,1179,2,2,10,1.973152836,1440,11,0.888450288,1
489,1157,2,2,10,1.678707652,1192,11,0.888450288,1
490,1194,2,2,10,1.925404968,1398,11,0.943194554,1
491,1280,2,2,10,2.012942726,1291,11,0.943194554,1
492,1090,2,2,10,1.72247653,1005,11,0.888450288,1
493,1128,2,2,10,1.730434508,1243,11,0.888450288,1
494,1244,2,2,10,2.060690593,1522,11,0.943194554,1
495,1122,2,2,10,1.8418462,1200,11,0.943194554,1
496,1327,2,2,10,2.136291384,1731,11,0.888450288,1
497,1365,6,2,10,2.164144307,1670,11,0.888450288,1
498,1259,6,2,10,1.985089803,1401,11,0.943194554,1
499,1143,6,2,10,1.889594067,1446,11,0.943194554,1
500,1159,2,2,10,2.020900704,1661,11,0.888450288,1
501,1188,2,2,10,2.040795648,1616,11,0.888450288,1
502,1242,2,2,10,1.881636089,1175,11,0.943194554,1
503,1216,2,2,10,1.949278902,1503,11,0.888450288,1
504,1027,2,2,10,1.813993277,1322,11,0.888450288,1
505,1216,6,2,10,1.993047781,1565,11,0.943194554,1
506,1176,2,2,10,1.817972266,1505,11,0.888450288,1
507,1145,6,2,10,1.885615078,1428,11,0.943194554,1
508,1255,6,2,10,1.857762156,1350,11,0.943194554,1
509,1247,6,2,10,2.008963737,1389,11,0.888450288,1
510,1065,6,2,10,1.861741144,1238,11,0.888450288,1
511,1253,6,2,10,2.351156789,1365,11,0.888450288,1
512,1081,2,2,10,1.72247653,1109,11,0.943194554,1
513,1290,6,2,10,1.794098332,1360,11,0.943194554,1
514,1014,6,2,10,1.806035299,939,11,0.888450288,1
515,1250,2,2,10,1.893573056,1369,11,0.888450288,1
516,1238,2,2,10,2.144249362,1509,11,0.943194554,1
517,1224,2,2,10,1.909489012,1623,11,0.888450288,1
518,1207,2,2,10,1.949278902,1441,11,0.888450288,1
519,1183,2,2,10,1.8418462,1277,11,0.888450288,1
520,1211,6,2,10,1.973152836,1392,11,0.943194554,1
521,1287,6,2,10,1.905510023,1560,11,0.943194554,1
522,1323,2,2,10,2.032837671,1599,11,0.943194554,1
523,1328,6,2,10,2.11241745,1701,11,0.943194554,1
524,1182,6,2,10,1.825930244,1493,11,0.943194554,1
525,1155,2,2,10,1.829909233,1325,11,0.943194554,1
526,1146,6,2,10,1.969173847,1467,11,0.888450288,1
527,1346,6,2,10,1.945299913,1338,11,0.888450288,1
528,1212,6,2,10,1.861741144,1385,11,0.943194554,1
529,1119,6,2,10,1.949278902,1468,11,0.943194554,1
530,1258,2,2,10,1.654833718,1127,11,0.943194554,1
531,1055,6,2,10,1.965194858,1402,11,0.888450288,1
532,1092,2,2,10,1.873678111,1419,11,0.943194554,1
533,1221,6,2,10,1.829909233,1310,11,0.943194554,1
534,1044,2,2,10,1.730434508,1222,11,0.943194554,1
535,1193,2,2,10,1.893573056,1513,11,0.943194554,1
536,1187,2,2,10,2.084564527,1474,11,0.888450288,1
537,1158,6,2,10,1.817972266,1090,11,0.943194554,1
538,1234,6,2,10,1.921425979,1479,11,0.943194554,1
539,1143,6,2,10,1.76226642,1182,11,0.888450288,1
540,1312,2,2,10,1.829909233,1455,11,0.943194554,1
541,1106,6,2,10,1.869699122,1304,11,0.888450288,1
542,1140,2,2,10,2.016921715,1466,11,0.943194554,1
543,1123,2,2,10,1.821951255,1189,11,0.888450288,1
544,1160,6,2,10,1.873678111,1441,11,0.888450288,1
545,1238,2,2,10,1.817972266,1422,11,0.888450288,1
546,1231,6,2,10,1.782161365,1173,11,0.943194554,1
547,1302,2,2,10,2.020900704,1363,11,0.943194554,1
548,1179,6,2,10,1.981110814,1478,11,0.943194554,1
549,1195,2,2,10,1.734413497,1153,11,0.943194554,1
550,1292,6,2,10,2.001005759,1487,11,0.888450288,1
551,1205,2,2,10,1.91744699,1461,11,0.888450288,1
552,1243,2,2,10,1.949278902,1421,11,0.943194554,1
553,1035,2,2,10,1.730434508,1181,11,0.943194554,1
554,1272,2,2,10,2.032837671,1646,11,0.888450288,1
555,1331,6,2,10,2.028858682,1422,11,0.943194554,1
556,1184,2,2,10,2.012942726,1544,11,0.888450288,1
557,1180,2,2,10,2.044774637,1464,11,0.943194554,1
558,1296,6,2,10,2.03681666,1532,11,0.943194554,1
559,1253,6,2,10,1.881636089,1618,11,0.888450288,1
560,1147,2,2,10,1.678707652,1176,11,0.943194554,1
561,1281,6,2,10,1.861741144,1601,11,0.943194554,1
562,1305,2,2,10,2.128333406,1631,11,0.888450288,1
563,1209,6,2,10,1.981110814,1637,11,0.888450288,1
564,1254,2,2,10,2.032837671,1315,11,0.943194554,1
565,1310,2,2,10,1.961215869,1472,11,0.888450288,1
566,1207,2,2,10,2.056711604,1436,11,0.943194554,1
567,1152,2,2,10,1.873678111,1484,11,0.888450288,1
568,1079,2,2,10,1.563316971,1066,11,0.943194554,1
569,1310,6,2,10,1.897552045,1387,11,0.943194554,1
570,1062,6,2,10,1.670749674,1142,11,0.888450288,1
571,1120,2,2,10,1.893573056,1390,11,0.888450288,1
572,1226,2,2,10,1.945299913,1454,11,0.888450288,1
573,1295,2,2,10,1.99702677,1644,11,0.943194554,1
574,1309,6,2,10,1.913468001,1595,11,0.943194554,1
575,1157,6,2,10,1.786140354,1343,11,0.888450288,1
576,1144,6,2,10,1.794098332,1159,11,0.943194554,1
577,1310,2,2,10,2.004984748,1455,11,0.888450288,1
578,1310,6,2,10,2.148228351,1577,11,0.888450288,1
579,1134,6,2,10,1.730434508,1380,11,0.888450288,1
580,1143,6,2,10,1.734413497,1210,11,0.943194554,1
581,1290,6,2,10,1.941320924,1403,11,0.888450288,1
582,1208,6,2,10,1.718497541,1431,11,0.943194554,1
583,998,6,2,10,1.770224398,1198,11,0.888450288,1
584,1153,6,2,10,2.032837671,1598,11,0.943194554,1
585,1271,6,2,10,1.969173847,1551,11,0.888450288,1
586,1219,2,2,10,1.993047781,1543,11,0.943194554,1
587,1034,2,2,10,1.750329453,1161,11,0.888450288,1
588,1265,6,2,10,2.064669582,1374,11,0.888450288,1
589,1055,2,2,10,1.937341935,1512,11,0.888450288,1
590,1275,6,2,10,1.865720133,1303,11,0.943194554,1
591,1227,6,2,10,1.821951255,1368,11,0.943194554,1
592,1186,6,2,10,1.746350464,1233,11,0.943194554,1
593,1281,2,2,10,2.092522505,1676,11,0.943194554,1
594,1269,2,2,10,2.132312395,1481,11,0.888450288,1
595,1151,6,2,10,1.734413497,1354,11,0.888450288,1
596,1195,2,2,10,1.873678111,1274,11,0.943194554,1
597,1093,2,2,10,1.853783167,1441,11,0.943194554,1
598,1089,2,2,10,2.056711604,1381,11,0.888450288,1
599,1334,6,2,10,2.188018241,1530,11,0.943194554,1
600,1241,2,2,10,1.829909233,1373,11,0.943194554,1
601,1145,6,2,10,1.869699122,1537,11,0.888450288,1
602,1253,2,2,10,1.925404968,1380,11,0.888450288,1
603,1223,2,2,10,2.108438461,1632,11,0.943194554,1
604,1146,6,2,10,1.690644618,1179,11,0.943194554,1
605,1138,2,2,10,1.845825189,1381,11,0.943194554,1
606,1164,2,2,10,1.821951255,1351,11,0.943194554,1
607,1154,6,2,10,2.136291384,1444,11,0.943194554,1
608,1176,6,2,10,2.012942726,1626,11,0.888450288,1
609,1169,2,2,10,2.080585538,1517,11,0.888450288,1
610,1155,2,2,10,1.885615078,1442,11,0.888450288,1
611,1225,2,2,10,1.817972266,1339,11,0.943194554,1
612,1167,2,2,10,1.76226642,1199,11,0.888450288,1
613,1175,2,2,10,2.004984748,1385,11,0.943194554,1
614,1274,6,2,10,1.901531034,1427,11,0.943194554,1
615,1307,6,2,10,1.853783167,1634,11,0.943194554,1
616,1222,2,2,10,2.084564527,1498,11,0.888450288,1
617,1087,6,2,10,1.76226642,1159,11,0.943194554,1
618,1238,6,2,10,2.024879693,1409,11,0.888450288,1
619,1269,2,2,10,1.901531034,1394,11,0.943194554,1
620,1182,6,2,10,1.985089803,1332,11,0.888450288,1
621,1256,2,2,10,1.8776571,1416,11,0.888450288,1
622,1158,2,2,10,1.893573056,1427,11,0.943194554,1
623,1253,2,2,10,1.901531034,1541,11,0.888450288,1
624,1326,2,2,10,1.985089803,1607,11,0.888450288,1
625,1297,2,2,10,2.016921715,1580,11,0.943194554,1
626,1217,2,2,10,1.754308442,1370,11,0.943194554,1
627,1064,2,2,10,1.734413497,1125,11,0.943194554,1
628,1267,2,2,10,1.806035299,1504,11,0.943194554,1
629,1255,2,2,10,1.965194858,1132,11,0.943194554,1
630,1147,6,2,10,1.774203387,1300,11,0.943194554,1
631,1348,6,2,10,2.247703075,1704,11,0.888450288,1
632,1123,6,2,10,1.774203387,1226,11,0.943194554,1
633,1267,2,2,10,2.07262756,1778,11,0.888450288,1
634,1162,2,2,10,1.821951255,1151,11,0.888450288,1
635,1087,2,2,10,2.048753626,1343,11,0.888450288,1
636,1161,2,2,10,1.555358993,1438,11,0.943194554,1
637,1197,6,2,10,1.901531034,1257,11,0.888450288,1
638,1185,6,2,10,1.742371475,1111,11,0.943194554,1
639,1272,6,2,10,2.012942726,1663,11,0.943194554,1
640,1095,6,2,10,1.702581585,1431,11,0.888450288,1
641,1206,2,2,10,1.977131825,1489,11,0.888450288,1
642,994,6,2,10,1.738392486,1398,11,0.888450288,1
643,1160,6,2,10,1.989068792,1524,11,0.943194554,1
644,1157,2,2,10,1.861741144,1380,11,0.943194554,1
645,1005,6,2,10,1.754308442,1173,11,0.888450288,1
646,1262,2,2,10,1.889594067,1463,11,0.943194554,1
647,1143,6,2,10,1.817972266,1380,11,0.943194554,1
648,1102,6,2,10,1.945299913,1395,11,0.943194554,1
649,1131,2,2,10,2.040795648,1386,11,0.888450288,1
650,1140,2,2,10,1.774203387,1321,11,0.888450288,1
651,1194,6,2,10,1.869699122,1381,11,0.943194554,1
652,1239,6,2,10,1.933362946,1311,11,0.888450288,1
653,1314,2,2,10,1.865720133,1443,11,0.943194554,1
654,1277,2,2,10,2.064669582,1718,11,0.888450288,1
655,1229,2,2,10,1.989068792,1411,11,0.943194554,1
656,1314,6,2,10,2.104459472,1767,11,0.888450288,1
657,1031,6,2,10,1.861741144,1416,11,0.943194554,1
658,1295,2,2,10,1.865720133,1487,11,0.888450288,1
659,1187,2,2,10,2.048753626,1439,11,0.888450288,1
660,1285,2,2,10,1.893573056,1402,11,0.888450288,1
661,1132,2,2,10,1.889594067,1423,11,0.943194554,1
662,1082,2,2,10,1.76226642,1449,11,0.943194554,1
663,1167,2,2,10,1.91744699,1484,11,0.943194554,1
664,1265,6,2,10,2.156186329,1585,11,0.943194554,1
665,1264,6,2,10,1.95723688,1595,11,0.943194554,1
666,1051,2,2,10,1.961215869,1406,11,0.888450288,1
667,1284,6,2,10,2.004984748,1690,11,0.888450288,1
668,1150,6,2,10,1.897552045,1340,11,0.888450288,1
669,1160,2,2,10,1.905510023,1375,11,0.943194554,1
670,1234,2,2,10,1.925404968,1525,11,0.888450288,1
671,1203,2,2,10,1.981110814,1184,11,0.888450288,1
672,1093,6,2,10,1.730434508,1480,11,0.888450288,1
673,1237,6,2,10,1.969173847,1400,11,0.943194554,1
674,1036,6,2,10,1.630959784,1345,11,0.943194554,1
675,1209,2,2,10,2.016921715,1461,11,0.943194554,1
676,1069,2,2,10,1.706560574,1273,11,0.943194554,1
677,1205,2,2,10,2.020900704,1426,11,0.888450288,1
678,1092,6,2,10,1.64687574,1208,11,0.943194554,1
679,1188,6,2,10,1.810014288,1256,11,0.943194554,1
680,1368,6,2,10,1.945299913,1617,11,0.943194554,1
681,1179,2,2,10,1.965194858,1674,11,0.943194554,1
682,1064,2,2,10,1.694623607,1383,11,0.943194554,1
683,1217,2,2,10,1.758287431,1472,11,0.888450288,1
684,1180,6,2,10,1.965194858,1340,11,0.888450288,1
685,1286,6,2,10,2.132312395,1826,11,0.888450288,1
686,1204,2,2,10,1.869699122,1400,11,0.888450288,1
687,1316,6,2,10,2.176081274,1584,11,0.888450288,1
688,1341,2,2,10,2.223829141,1816,11,0.888450288,1
689,1240,2,2,10,2.092522505,1633,11,0.943194554,1
690,1283,6,2,10,2.024879693,1602,11,0.888450288,1
691,1127,6,2,10,1.766245409,1313,11,0.943194554,1
692,1221,6,2,10,1.91744699,1482,11,0.888450288,1
693,1207,2,2,10,1.949278902,1433,11,0.943194554,1
694,1153,6,2,10,1.861741144,1584,11,0.943194554,1
695,1128,6,2,10,1.798077321,1176,11,0.943194554,1
696,1251,2,2,10,1.965194858,1276,11,0.888450288,1
697,1261,2,2,10,1.8776571,1331,11,0.943194554,1
698,1130,2,2,10,1.634938773,1351,11,0.888450288,1
699,1281,6,2,10,2.016921715,1371,11,0.888450288,1
700,1006,6,2,10,1.897552045,1172,11,0.943194554,1
701,1249,6,2,10,1.909489012,1289,11,0.888450288,1
702,1288,6,2,10,1.965194858,1599,11,0.943194554,1
703,1301,6,2,10,2.016921715,1689,11,0.943194554,1
704,1298,2,2,10,2.096501494,1579,11,0.888450288,1
705,1305,6,2,10,2.016921715,1345,11,0.943194554,1
706,1265,6,2,10,2.104459472,1694,11,0.943194554,1
707,1155,2,2,10,2.044774637,1527,11,0.888450288,1
708,1070,2,2,10,1.825930244,1516,11,0.888450288,1
709,1133,6,2,10,1.730434508,1414,11,0.888450288,1
710,1165,2,2,10,2.008963737,1453,11,0.943194554,1
711,1315,2,2,10,2.136291384,1537,11,0.888450288,1
712,1205,2,2,10,1.929383957,1410,11,0.943194554,1
713,1093,6,2,10,1.953257891,1306,11,0.943194554,1
714,1347,6,2,10,1.885615078,1522,11,0.888450288,1
715,1081,6,2,10,1.813993277,1078,11,0.888450288,1
716,1209,6,2,10,1.861741144,1419,11,0.943194554,1
717,1050,2,2,10,1.758287431,1263,11,0.943194554,1
718,997,2,0,10,2.124354417,1722,11,0.943194554,0
719,914,2,0,10,1.475779214,1418,11,0.888450288,0
720,865,2,0,10,2.104459472,1971,11,0.943194554,0
721,841,6,0,10,2.024879693,1384,11,0.888450288,0
722,914,6,0,10,0.660086473,1453,11,0.888450288,0
723,795,6,0,10,0.994321547,1249,11,0.888450288,0
724,1005,2,0,10,2.860467378,2036,11,0.888450288,0
725,723,2,0,10,1.555358993,1473,11,0.943194554,0
726,685,2,0,10,1.117670206,1329,11,0.943194554,0
727,858,6,0,10,2.490421403,1742,11,0.888450288,0
728,865,2,0,10,2.188018241,1731,11,0.943194554,0
729,839,6,0,10,1.873678111,1646,11,0.943194554,0
730,1010,6,0,10,2.247703075,2095,11,0.888450288,0
731,895,2,0,10,1.619022817,1586,11,0.888450288,0
732,885,2,0,10,1.865720133,1568,11,0.888450288,0
733,979,6,0,10,2.402883645,1706,11,0.943194554,0
734,1110,6,0,10,2.733139731,1868,11,0.888450288,0
735,1086,6,0,10,2.291471954,1728,11,0.943194554,0
736,813,2,0,10,1.519548092,1210,11,0.888450288,0
737,737,2,0,10,1.272850776,1488,11,0.888450288,0
738,672,6,0,10,1.145523129,1671,11,0.888450288,0
739,504,6,0,10,1.054006382,1497,11,0.943194554,0
740,847,2,0,10,1.845825189,1441,11,0.943194554,0
741,970,6,0,10,2.566022194,1487,11,0.943194554,0
742,1211,2,0,10,2.398904656,1891,11,0.943194554,0
743,767,6,0,10,1.630959784,1708,11,0.943194554,0
744,964,2,0,10,2.38696769,1527,11,0.888450288,0
745,954,6,0,10,2.665496918,2042,11,0.888450288,0
746,1037,6,0,10,1.523527081,1511,11,0.888450288,0
747,1051,2,0,10,2.327282855,2159,11,0.888450288,0
748,880,2,0,10,2.203934197,1665,11,0.888450288,0
749,1005,6,0,10,2.749055686,2055,11,0.888450288,0
750,1017,2,0,10,1.575253938,1406,11,0.888450288,0
751,1108,2,0,10,2.550106238,1997,11,0.888450288,0
752,783,6,0,10,2.418799601,1984,11,0.888450288,0
753,876,6,0,10,1.706560574,1460,11,0.888450288,0
754,1002,6,0,10,1.129607173,1298,11,0.888450288,0
755,914,2,0,10,2.295450943,1993,11,0.943194554,0
756,965,2,0,10,1.623001806,1457,11,0.888450288,0
757,922,2,0,10,1.965194858,1601,11,0.943194554,0
758,1089,2,0,10,2.188018241,1770,11,0.943194554,0
759,1123,6,0,10,2.303408921,1616,11,0.943194554,0
760,1110,2,0,10,1.551380004,1480,11,0.888450288,0
761,706,2,0,10,1.563316971,1292,11,0.888450288,0
762,875,6,0,10,1.615043828,1261,11,0.888450288,0
763,1214,6,0,10,2.454610502,1487,11,0.888450288,0
764,1164,2,0,10,1.985089803,1546,11,0.943194554,0
765,657,6,0,10,0.863014911,1140,11,0.888450288,0
766,894,2,0,10,1.145523129,1573,11,0.888450288,0
767,733,6,0,10,1.213165941,1603,11,0.888450288,0
768,868,6,0,10,1.519548092,1431,11,0.943194554,0
769,1164,2,0,10,2.77292962,2305,11,0.888450288,0
770,1112,6,0,10,2.311366899,1812,11,0.943194554,0
771,1046,6,0,10,2.367072745,1727,11,0.888450288,0
772,982,2,0,10,1.754308442,1987,11,0.943194554,0
773,917,2,0,10,2.796803554,2056,11,0.943194554,0
774,1235,6,0,10,2.303408921,1747,11,0.888450288,0
775,1265,2,0,10,1.961215869,1932,11,0.943194554,0
776,974,6,0,10,2.434715557,1702,11,0.943194554,0
777,969,6,0,10,1.977131825,1897,11,0.943194554,0
778,656,2,0,10,1.432010335,1282,11,0.943194554,0
779,631,2,0,10,0.691918385,1472,11,0.888450288,0
780,648,2,0,10,1.185313018,1556,11,0.888450288,0
781,872,6,0,10,1.718497541,1509,11,0.943194554,0
782,1072,2,0,10,2.414820612,1718,11,0.943194554,0
783,1060,6,0,10,1.650854729,1534,11,0.943194554,0
784,822,6,0,10,2.609791072,1557,11,0.888450288,0
785,609,6,0,10,1.340493588,1303,11,0.888450288,0
786,1254,2,0,10,2.335240833,1766,11,0.888450288,0
787,972,6,0,10,2.398904656,1864,11,0.943194554,0
788,813,6,0,10,1.845825189,1518,11,0.943194554,0
789,1020,6,0,10,2.526232304,1788,11,0.943194554,0
790,1030,2,0,10,1.678707652,1996,11,0.888450288,0
791,1027,6,0,10,2.211892175,2025,11,0.888450288,0
792,985,2,0,10,2.223829141,1315,11,0.888450288,0
793,876,6,0,10,1.973152836,1764,11,0.888450288,0
794,637,2,0,10,0.958510647,1049,11,0.943194554,0
795,891,6,0,10,2.430736568,1946,11,0.943194554,0
796,760,2,0,10,2.084564527,1673,11,0.943194554,0
797,794,6,0,10,2.454610502,1872,11,0.888450288,0
798,719,6,0,10,1.069922338,1002,11,0.943194554,0
799,1005,2,0,10,3.182765485,2158,11,0.943194554,0
800,798,2,0,10,1.599127872,1522,11,0.943194554,0
801,890,2,0,10,2.649580962,2096,11,0.888450288,0
802,916,2,0,10,2.032837671,1836,11,0.888450288,0
803,1189,2,0,10,2.530211293,1956,11,0.943194554,0
804,775,6,0,10,1.973152836,1898,11,0.943194554,0
805,956,6,0,10,3.27826122,2053,11,0.888450288,0
806,1095,6,0,10,1.463842247,1651,11,0.943194554,0
807,866,6,0,10,2.717223775,1874,11,0.888450288,0
808,1040,6,0,10,2.466547469,1861,11,0.943194554,0
809,935,6,0,10,2.251682064,1648,11,0.943194554,0
810,738,6,0,10,1.264892798,1683,11,0.888450288,0
811,947,2,0,10,1.595148883,1568,11,0.943194554,0
812,830,2,0,10,0.986363569,1225,11,0.888450288,0
813,735,2,0,10,1.778182376,1495,11,0.888450288,0
814,979,2,0,10,1.619022817,1386,11,0.943194554,0
815,1003,6,0,10,2.61774905,2040,11,0.888450288,0
816,925,2,0,10,1.961215869,1419,11,0.888450288,0
817,645,6,0,10,1.447926291,1547,11,0.943194554,0
818,956,6,0,10,1.710539563,1671,11,0.888450288,0
819,701,6,0,10,2.382988701,2199,11,0.888450288,0
820,763,2,0,10,1.244997853,1089,11,0.943194554,0
821,817,6,0,10,1.026153459,1267,11,0.943194554,0
822,761,2,0,10,1.459863258,1203,11,0.888450288,0
823,824,6,0,10,1.56729596,1475,11,0.888450288,0
824,880,6,0,10,2.120375428,1684,11,0.888450288,0
825,830,6,0,10,2.207913186,1902,11,0.943194554,0
826,1107,6,0,10,3.341925044,2288,11,0.943194554,0
827,1462,6,0,10,2.955963113,2166,11,0.943194554,0
828,1178,6,0,10,2.219850152,1736,11,0.888450288,0
829,1145,2,0,10,1.388241456,1410,11,0.888450288,0
830,1092,2,0,10,3.059416827,2180,11,0.888450288,0
831,660,6,0,10,0.083984465,854,11,0.888450288,0
832,1096,6,0,10,2.116396439,1636,11,0.943194554,0
833,515,6,0,10,1.384262467,1278,11,0.888450288,0
834,650,2,0,10,1.905510023,1326,11,0.888450288,0
835,1199,6,0,10,2.760992653,1806,11,0.888450288,0
836,774,6,0,10,1.746350464,1680,11,0.888450288,0
837,1120,2,0,10,3.043500871,1973,11,0.943194554,0
838,1202,6,0,10,1.95723688,1970,11,0.943194554,0
839,1224,6,0,10,2.382988701,2141,11,0.888450288,0
840,981,6,0,10,2.199955208,2019,11,0.888450288,0
841,877,2,0,10,1.388241456,1471,11,0.943194554,0
842,823,2,0,10,1.817972266,1428,11,0.943194554,0
843,910,6,0,10,1.706560574,1512,11,0.888450288,0
844,1030,2,0,10,1.933362946,1764,11,0.888450288,0
845,950,6,0,10,1.698602596,1494,11,0.888450288,0
846,984,2,0,10,2.458589491,1793,11,0.943194554,0
847,967,6,0,10,1.619022817,1694,11,0.943194554,0
848,863,6,0,10,1.081859305,1526,11,0.943194554,0
849,1140,6,0,10,2.46256848,1664,11,0.943194554,0
850,886,2,0,10,1.690644618,1659,11,0.888450288,0
851,1075,2,0,10,2.104459472,1499,11,0.943194554,0
852,912,2,0,10,1.806035299,1620,11,0.943194554,0
853,1050,6,0,10,2.398904656,2053,11,0.888450288,0
854,813,2,0,10,1.56729596,1491,11,0.888450288,0
855,872,2,0,10,1.523527081,1627,11,0.888450288,0
856,975,2,0,10,0.942594691,1517,11,0.888450288,0
857,739,2,0,10,1.937341935,1429,11,0.943194554,0
858,839,6,0,10,1.52750607,1571,11,0.943194554,0
859,948,6,0,10,2.016921715,1739,11,0.943194554,0
860,742,6,0,10,1.726455519,1589,11,0.888450288,0
861,1276,2,0,10,2.343198811,1735,11,0.943194554,0
862,829,2,0,10,0.994321547,1546,11,0.888450288,0
863,741,6,0,10,1.921425979,1531,11,0.888450288,0
864,1238,2,0,10,1.591169894,1837,11,0.888450288,0
865,943,6,0,10,1.030132448,1405,11,0.888450288,0
866,999,6,0,10,2.554085227,1616,11,0.943194554,0
867,952,2,0,10,2.398904656,2024,11,0.943194554,0
868,512,6,0,10,1.778182376,1630,11,0.888450288,0
869,710,6,0,10,1.233060886,1536,11,0.888450288,0
870,1052,6,0,10,1.833888222,1548,11,0.888450288,0
871,845,2,0,10,1.396199434,1535,11,0.943194554,0
872,1031,2,0,10,2.271577009,1847,11,0.943194554,0
873,837,2,0,10,1.726455519,1811,11,0.943194554,0
874,776,2,0,10,1.428031346,1780,11,0.888450288,0
875,923,6,0,10,1.99702677,1554,11,0.888450288,0
876,900,2,0,10,2.172102285,1571,11,0.888450288,0
877,976,2,0,10,2.060690593,1794,11,0.888450288,0
878,866,6,0,10,2.259640042,1784,11,0.943194554,0
879,789,2,0,10,0.473073991,1304,11,0.888450288,0
880,1084,6,0,10,1.698602596,1686,11,0.943194554,0
881,756,2,0,10,1.531485059,1307,11,0.943194554,0
882,1042,6,0,10,1.563316971,1759,11,0.888450288,0
883,1163,6,0,10,2.601833094,1854,11,0.888450288,0
884,1093,6,0,10,1.845825189,1837,11,0.888450288,0
885,660,6,0,10,1.981110814,1631,11,0.888450288,0
886,783,2,0,10,2.096501494,1423,11,0.888450288,0
887,722,2,0,10,2.900257268,1920,11,0.888450288,0
888,958,6,0,10,1.591169894,1427,11,0.943194554,0
889,1069,2,0,10,1.893573056,1670,11,0.943194554,0
890,855,2,0,10,1.002279525,1455,11,0.888450288,0
891,1104,2,0,10,1.742371475,1902,11,0.943194554,0
892,798,2,0,10,2.211892175,1640,11,0.888450288,0
893,1113,2,0,10,2.760992653,2066,11,0.888450288,0
894,1157,6,0,10,2.558064216,1654,11,0.943194554,0
895,1204,6,0,10,3.234492342,1882,11,0.888450288,0
896,960,6,0,10,1.941320924,1481,11,0.888450288,0
897,890,2,0,10,1.575253938,1704,11,0.888450288,0
898,826,2,0,10,2.004984748,1623,11,0.888450288,0
899,1082,6,0,10,1.758287431,1699,11,0.943194554,0
900,757,2,0,10,1.64687574,1470,11,0.943194554,0
901,704,2,0,10,1.961215869,1611,11,0.943194554,0
902,716,2,0,10,1.320598644,1426,11,0.943194554,0
903,949,6,0,10,1.563316971,1525,11,0.943194554,0
904,978,6,0,10,1.619022817,1591,11,0.943194554,0
905,974,2,0,10,2.30738791,1742,11,0.943194554,0
906,907,6,0,10,1.038090426,1710,11,0.943194554,0
907,973,2,0,10,2.792824565,1830,11,0.888450288,0
908,1108,6,0,10,1.654833718,1588,11,0.888450288,0
909,922,2,0,10,2.414820612,1994,11,0.888450288,0
910,720,6,0,10,1.885615078,1844,11,0.888450288,0
911,820,2,0,10,2.430736568,1824,11,0.888450288,0
912,748,2,0,10,1.865720133,1313,11,0.888450288,0
913,947,6,0,10,1.630959784,1435,11,0.888450288,0
914,1084,2,0,10,1.754308442,1356,11,0.888450288,0
915,1210,2,0,10,2.271577009,1748,11,0.888450288,0
916,1017,6,0,10,1.416094379,1323,11,0.888450288,0
917,1184,6,0,10,2.562043205,1863,11,0.943194554,0
918,884,6,0,10,1.571274949,1615,11,0.888450288,0
919,967,6,0,10,1.459863258,1575,11,0.943194554,0
920,697,2,0,10,0.894846823,1478,11,0.888450288,0
921,1182,6,0,10,2.343198811,1882,11,0.943194554,0
922,1200,6,0,10,2.056711604,1622,11,0.888450288,0
923,943,2,0,10,2.438694546,1993,11,0.943194554,0
924,896,2,0,10,1.698602596,1642,11,0.943194554,0
925,937,2,0,10,1.794098332,1441,11,0.943194554,0
926,1146,2,0,10,1.91744699,1708,11,0.888450288,0
927,602,2,0,10,1.786140354,1591,11,0.888450288,0
928,958,6,0,10,2.128333406,1728,11,0.943194554,0
929,1053,6,0,10,1.455884269,1528,11,0.888450288,0
930,946,2,0,10,1.034111437,1417,11,0.888450288,0
931,1007,6,0,10,2.140270373,1814,11,0.888450288,0
932,1045,6,0,10,2.251682064,1697,11,0.943194554,0
933,1131,2,0,10,2.450631513,1755,11,0.888450288,0
934,968,2,0,10,1.447926291,1715,11,0.888450288,0
935,574,2,0,10,1.611064839,1730,11,0.888450288,0
936,1124,6,0,10,2.46256848,1784,11,0.943194554,0
937,1031,6,0,10,1.714518552,1807,11,0.943194554,0
938,1014,6,0,10,2.363093756,1750,11,0.943194554,0
939,1245,2,0,10,2.251682064,2115,11,0.888450288,0
940,1279,2,0,10,1.817972266,1586,11,0.943194554,0
941,895,2,0,10,2.243724086,1751,11,0.943194554,0
942,1051,2,0,10,1.360388533,1569,11,0.943194554,0
943,1240,2,0,10,1.893573056,1514,11,0.943194554,0
944,916,6,0,10,1.60708585,1440,11,0.943194554,0
945,1000,6,0,10,1.698602596,1731,11,0.943194554,0
946,1016,6,0,10,1.837867211,1768,11,0.943194554,0
947,869,6,0,10,1.547401015,1577,11,0.943194554,0
948,999,6,0,10,2.287492965,1945,11,0.943194554,0
949,990,6,0,10,2.303408921,1806,11,0.943194554,0
950,658,2,0,10,1.324577633,1392,11,0.943194554,0
951,1140,2,0,10,2.46256848,1835,11,0.943194554,0
952,703,6,0,10,1.447926291,1446,11,0.943194554,0
953,1161,6,0,10,2.124354417,1989,11,0.888450288,0
954,900,6,0,10,1.615043828,1964,11,0.888450288,0
955,691,2,0,10,1.368346511,1401,11,0.888450288,0
956,634,2,0,10,1.300703699,1247,11,0.888450288,0
957,963,6,0,10,2.088543516,1886,11,0.943194554,0
958,1097,2,0,10,1.065943349,1414,11,0.943194554,0
959,1132,2,0,10,2.211892175,1848,11,0.943194554,0
960,1192,2,0,10,2.510316348,2063,11,0.888450288,0
961,1050,2,0,10,2.128333406,2052,11,0.888450288,0
962,1214,6,0,10,1.726455519,1807,11,0.888450288,0
963,933,6,0,10,1.642896751,1534,11,0.943194554,0
964,941,6,0,10,1.292745721,1773,11,0.943194554,0
965,1027,6,0,10,2.379009712,1722,11,0.888450288,0
966,1331,6,0,10,3.150933573,2243,11,0.888450288,0
967,1119,2,0,10,1.730434508,1736,11,0.888450288,0
968,1279,6,0,10,2.904236257,2154,11,0.888450288,0
969,977,6,0,10,1.754308442,1533,11,0.888450288,0
970,542,6,0,10,1.901531034,1756,11,0.943194554,0
971,1001,6,0,10,2.514295337,2036,11,0.888450288,0
972,1020,6,0,10,1.41211539,1847,11,0.943194554,0
973,902,2,0,10,1.416094379,1308,11,0.888450288,0
974,791,2,0,10,0.492968936,1569,11,0.943194554,0
975,889,2,0,10,1.316619655,1200,11,0.888450288,0
976,919,6,0,10,1.205207963,1270,11,0.888450288,0
977,1319,2,0,10,2.800782543,1995,11,0.943194554,0
978,953,2,0,10,1.670749674,1888,11,0.943194554,0
979,893,2,0,10,2.07262756,1746,11,0.888450288,0
980,1051,2,0,10,2.418799601,1868,11,0.888450288,0
981,1187,6,0,10,2.040795648,1982,11,0.943194554,0
982,953,6,0,10,1.941320924,1827,11,0.888450288,0
983,983,2,0,10,0.986363569,1304,11,0.943194554,0
984,626,2,0,10,1.432010335,1339,11,0.943194554,0
985,1107,2,0,10,2.359114767,1682,11,0.943194554,0
986,702,6,0,10,1.750329453,1546,11,0.943194554,0
987,973,6,0,10,2.581938149,2215,11,0.888450288,0
988,1117,2,0,10,1.889594067,1694,11,0.888450288,0
989,905,6,0,10,1.72247653,1631,11,0.943194554,0
990,984,2,0,10,1.396199434,1869,11,0.888450288,0
991,776,6,0,10,1.356409544,1511,11,0.888450288,0
992,965,2,0,10,1.221123919,1469,11,0.888450288,0
993,884,6,0,10,2.040795648,1396,11,0.943194554,0
994,1172,6,0,10,1.766245409,1509,11,0.943194554,0
995,775,2,0,10,1.241018864,1322,11,0.888450288,0
996,835,2,0,10,1.885615078,1679,11,0.888450288,0
997,1175,6,0,10,1.921425979,1643,11,0.943194554,0
998,953,6,0,10,2.048753626,1611,11,0.943194554,0
999,1075,6,0,10,2.275555998,1786,11,0.888450288,0
